Time,Temperature(°C),Light Intensity(0-255),Soil Moisture(0-1023),Precipitation(mm) - Open-Source  data
15:30,8,243,1018,0
16:00,1,228,1013,0
16:30,0,203,1010,0
17:00,0,73,1009,0
17:30,1,0,1009,0
18:00,3,0,1007,0
18:30,2,0,1003,0
19:00,2,0,1001,0
19:30,-1,0,1000,0
20:00,-3,0,998,0
20:30,-2,0,996,0
21:00,0,0,995,0.55
21:30,-2,0,992,0.55
22:00,-2,0,989,0.7
22:30,-3,0,988,0.7
23:00,-3,0,987,0.4
23:30,-2,0,987,0.4
00:00,-3,0,988,0.3
00:30,-2,0,987,0.3
01:00,-3,0,987,0.4
01:30,-3,0,989,0.4
02:00,-3,0,988,0.7
02:30,-3,0,988,0.7
03:00,-3,0,989,1.75
03:30,-3,0,989,1.75
04:00,-3,0,990,0.65
04:30,-3,0,989,0.65
05:00,-1,0,990,0.35
05:30,0,0,990,0.35
06:00,0,0,990,0.1
06:30,0,0,990,0.1
07:00,-1,0,990,0.2
07:30,0,0,990,0.2
08:00,2,0,991,0.25
08:30,2,0,991,0.25
09:00,3,115,992,0.2
09:30,4,224,992,0.2
10:00,5,236,992,0.2
10:30,7,248,992,0.2
11:00,8,249,992,0.6
11:30,4,244,992,0.6
12:00,5,244,992,0.3
12:30,12,252,993,0.3
13:00,12,251,993,0.25
13:30,9,250,994,0.25
14:00,9,250,994,0.45
14:30,7,248,995,0.45
15:00,8,244,995,0.45
15:30,7,244,995,0.45
